path,type,size_bytes,compressed_size_bytes,sha256,hash_error,nested_error_code,nested_error
4.0.0.98-artik710s-dev.zip/eyecontrol-artik710s-med2-MED-3161-create-home-care-new-image-prod-2.7.1.1-dev-image-4.0.0.98-2026-02-13.11:45:11.tar.gz,file,1111235273,1104936602,,,,
4.0.0.98-artik710s-dev.zip/eyecontrol-artik710s-med2-MED-3161-create-home-care-new-image-prod-2.7.1.1-dev-image-4.0.0.98-2026-02-13.11:45:11.tar.gz/Image,file,15194728,,a965101f3c405fffcd6119d0d620f51e631d6b273cd2238e4780b67b4947aa33,,,
4.0.0.98-artik710s-dev.zip/eyecontrol-artik710s-med2-MED-3161-create-home-care-new-image-prod-2.7.1.1-dev-image-4.0.0.98-2026-02-13.11:45:11.tar.gz/artik710s_sdfuse-UNRELEASED-20230807.102453.img,file,456130560,,f51127a00489c9d1f916c24d35cd73d274cb7c864945a81b0d454bebfcd03b0e,,,
4.0.0.98-artik710s-dev.zip/eyecontrol-artik710s-med2-MED-3161-create-home-care-new-image-prod-2.7.1.1-dev-image-4.0.0.98-2026-02-13.11:45:11.tar.gz/artik710s_sdfuse-UNRELEASED-20230807.102453.img/partition_2,file,33554432,,,"filesystem parse failed: could not interpret superblock data: cannot read superblock: invalid checksum type 0, only valid is 1",,
4.0.0.98-artik710s-dev.zip/eyecontrol-artik710s-med2-MED-3161-create-home-care-new-image-prod-2.7.1.1-dev-image-4.0.0.98-2026-02-13.11:45:11.tar.gz/artik710s_sdfuse-UNRELEASED-20230807.102453.img/partition_4,file,,,,filesystem parse failed: unknown filesystem on partition 4,,
4.0.0.98-artik710s-dev.zip/eyecontrol-artik710s-med2-MED-3161-create-home-care-new-image-prod-2.7.1.1-dev-image-4.0.0.98-2026-02-13.11:45:11.tar.gz/artik_release,file,270,,4ad0221291e46b4bb6dd69294a2480f26c1c8b3b2aaf5a68dc19e923a165b7e4,,,
4.0.0.98-artik710s-dev.zip/eyecontrol-artik710s-med2-MED-3161-create-home-care-new-image-prod-2.7.1.1-dev-image-4.0.0.98-2026-02-13.11:45:11.tar.gz/bl1-emmcboot.img,file,24240,,cd8223b9bb16708dedeffda418529ffd4c4d5d56f97f3e4a3b056fad55ee0b4d,,,
4.0.0.98-artik710s-dev.zip/eyecontrol-artik710s-med2-MED-3161-create-home-care-new-image-prod-2.7.1.1-dev-image-4.0.0.98-2026-02-13.11:45:11.tar.gz/bl1-sdboot.img,file,24240,,b2769375a4c8d8d81374c2df8a7e3b4356a552b4832e5613317aafca3370239e,,,
4.0.0.98-artik710s-dev.zip/eyecontrol-artik710s-med2-MED-3161-create-home-care-new-image-prod-2.7.1.1-dev-image-4.0.0.98-2026-02-13.11:45:11.tar.gz/bl1-usbboot.img,file,24240,,89cbd0390992190429c08c10a9d4feec03bca6bb46404c17899242b978b34db5,,,
4.0.0.98-artik710s-dev.zip/eyecontrol-artik710s-med2-MED-3161-create-home-care-new-image-prod-2.7.1.1-dev-image-4.0.0.98-2026-02-13.11:45:11.tar.gz/boot.img,file,33554432,,f8a8680b093bf749dfeda7f6a4af692ab77e8ed903c41a5c208785f0b96521b5,,,
4.0.0.98-artik710s-dev.zip/eyecontrol-artik710s-med2-MED-3161-create-home-care-new-image-prod-2.7.1.1-dev-image-4.0.0.98-2026-02-13.11:45:11.tar.gz/ecswap.tar.gz,file,7302836,,3b4bbbdfb90ce85c27142100c0ca3dd368de9cfc048c0e837d83a5d7368b4f83,,,
4.0.0.98-artik710s-dev.zip/eyecontrol-artik710s-med2-MED-3161-create-home-care-new-image-prod-2.7.1.1-dev-image-4.0.0.98-2026-02-13.11:45:11.tar.gz/ecswap.tar.gz/ecswap.img,file,7516192768,,,file exceeds max size for hashing (4294967296 bytes),,
4.0.0.98-artik710s-dev.zip/eyecontrol-artik710s-med2-MED-3161-create-home-care-new-image-prod-2.7.1.1-dev-image-4.0.0.98-2026-02-13.11:45:11.tar.gz/ecswap.tar.gz/ecswap.img/partition_1,file,4294967296,,,filesystem parse failed: unknown filesystem on partition 1,,
4.0.0.98-artik710s-dev.zip/eyecontrol-artik710s-med2-MED-3161-create-home-care-new-image-prod-2.7.1.1-dev-image-4.0.0.98-2026-02-13.11:45:11.tar.gz/ecswap.tar.gz/ecswap.img/partition_3,file,,,,filesystem parse failed: unknown filesystem on partition 3,,
4.0.0.98-artik710s-dev.zip/eyecontrol-artik710s-med2-MED-3161-create-home-care-new-image-prod-2.7.1.1-dev-image-4.0.0.98-2026-02-13.11:45:11.tar.gz/ecswap.tar.gz/ecswap.img/partition_4,file,,,,filesystem parse failed: unknown filesystem on partition 4,,
4.0.0.98-artik710s-dev.zip/eyecontrol-artik710s-med2-MED-3161-create-home-care-new-image-prod-2.7.1.1-dev-image-4.0.0.98-2026-02-13.11:45:11.tar.gz/expand_rootfs.sh,file,495,,ceaca4317f0b732f3c60ba7e28133c37280c091ce3275d8084873c4e23911e11,,,
4.0.0.98-artik710s-dev.zip/eyecontrol-artik710s-med2-MED-3161-create-home-care-new-image-prod-2.7.1.1-dev-image-4.0.0.98-2026-02-13.11:45:11.tar.gz/fip-loader-emmc.img,file,279056,,eb2ab249b8ca0736b165a4c32179a5d19d8d45ad5aecf367bfea409b5526590d,,,
4.0.0.98-artik710s-dev.zip/eyecontrol-artik710s-med2-MED-3161-create-home-care-new-image-prod-2.7.1.1-dev-image-4.0.0.98-2026-02-13.11:45:11.tar.gz/fip-loader-sd.img,file,279056,,3efa75f8bdeb523c8781febd2a85360e4bf9f2de9b19aacc40baa684a419a17c,,,
4.0.0.98-artik710s-dev.zip/eyecontrol-artik710s-med2-MED-3161-create-home-care-new-image-prod-2.7.1.1-dev-image-4.0.0.98-2026-02-13.11:45:11.tar.gz/fip-loader-usb.img,file,1052776,,7ee7381b456157d685723e7756ddf11150989111c17a6e69f99321daace2a603,,,
4.0.0.98-artik710s-dev.zip/eyecontrol-artik710s-med2-MED-3161-create-home-care-new-image-prod-2.7.1.1-dev-image-4.0.0.98-2026-02-13.11:45:11.tar.gz/fip-nonsecure.bin,file,506480,,6e2b26a2e3ccd0edf5624ed4be3b5ba19359d81e2d726849b4806abc126048d5,,,
4.0.0.98-artik710s-dev.zip/eyecontrol-artik710s-med2-MED-3161-create-home-care-new-image-prod-2.7.1.1-dev-image-4.0.0.98-2026-02-13.11:45:11.tar.gz/fip-nonsecure.img,file,507504,,11f43dd8ebe2c2e94c0dbc835fe5deccdbe70199f4743a3548d5305fce2eb4f3,,,
4.0.0.98-artik710s-dev.zip/eyecontrol-artik710s-med2-MED-3161-create-home-care-new-image-prod-2.7.1.1-dev-image-4.0.0.98-2026-02-13.11:45:11.tar.gz/fip-secure.img,file,926880,,3708cf546ae27fe46d4665e69f6964f197d4e5810f2d2129cc53a51b56bb9309,,,
4.0.0.98-artik710s-dev.zip/eyecontrol-artik710s-med2-MED-3161-create-home-care-new-image-prod-2.7.1.1-dev-image-4.0.0.98-2026-02-13.11:45:11.tar.gz/flag.img,file,131072,,2f27733e7e145ff137d540124041b32650fc09264bc1b487e2139b3a9cdbef3d,,,
4.0.0.98-artik710s-dev.zip/eyecontrol-artik710s-med2-MED-3161-create-home-care-new-image-prod-2.7.1.1-dev-image-4.0.0.98-2026-02-13.11:45:11.tar.gz/flash_all_by_fastboot.sh,file,1693,,737ad5d7d52238a9558b612bd11365538387ff9f4068dcc8e3e315fd2b59c50d,,,
4.0.0.98-artik710s-dev.zip/eyecontrol-artik710s-med2-MED-3161-create-home-care-new-image-prod-2.7.1.1-dev-image-4.0.0.98-2026-02-13.11:45:11.tar.gz/flash_all_ec.sh,file,2687,,d607697176ebb09704968328d6aef280391b29f2166d12c0f573adedeec60e19,,,
4.0.0.98-artik710s-dev.zip/eyecontrol-artik710s-med2-MED-3161-create-home-care-new-image-prod-2.7.1.1-dev-image-4.0.0.98-2026-02-13.11:45:11.tar.gz/flash_fw.jlink,file,91,,90ee2863f0ce569d91bdf0c3c313fe741d04df064f91a17e6a06d15b4258e349,,,
4.0.0.98-artik710s-dev.zip/eyecontrol-artik710s-med2-MED-3161-create-home-care-new-image-prod-2.7.1.1-dev-image-4.0.0.98-2026-02-13.11:45:11.tar.gz/mkimage,file,160320,,389c5f1c59257641a543ec898062568745ed0312e8cdff7d4352b5e86114dfb9,,,
4.0.0.98-artik710s-dev.zip/eyecontrol-artik710s-med2-MED-3161-create-home-care-new-image-prod-2.7.1.1-dev-image-4.0.0.98-2026-02-13.11:45:11.tar.gz/modules.img,file,33554432,,afb3edc7a80ccc91caab8ca00dfee33982a0a538e7cb3084bf9d3c4050f0f50d,,,
4.0.0.98-artik710s-dev.zip/eyecontrol-artik710s-med2-MED-3161-create-home-care-new-image-prod-2.7.1.1-dev-image-4.0.0.98-2026-02-13.11:45:11.tar.gz/nsih-artik710s.txt,file,5480,,58a47d364106dfd897d3957a960ca87cd44ed9fdbf9f87c7c217d9a3ade55763,,,
4.0.0.98-artik710s-dev.zip/eyecontrol-artik710s-med2-MED-3161-create-home-care-new-image-prod-2.7.1.1-dev-image-4.0.0.98-2026-02-13.11:45:11.tar.gz/params.bin,file,16384,,0d434a598d027bf89cca03c1e172f30491d7bfc33a733a21f492553dd7be600a,,,
4.0.0.98-artik710s-dev.zip/eyecontrol-artik710s-med2-MED-3161-create-home-care-new-image-prod-2.7.1.1-dev-image-4.0.0.98-2026-02-13.11:45:11.tar.gz/params_mmcboot.bin,file,16384,,59e395781a1251de4ca9bc3311bbf43e753699ec158b77c20e5f603bb6599172,,,
4.0.0.98-artik710s-dev.zip/eyecontrol-artik710s-med2-MED-3161-create-home-care-new-image-prod-2.7.1.1-dev-image-4.0.0.98-2026-02-13.11:45:11.tar.gz/params_recovery.bin,file,16384,,58aa7fa5cf5a44f1102f7b52dfbb463058efb4803b08dc96ee690e50e9cf21db,,,
4.0.0.98-artik710s-dev.zip/eyecontrol-artik710s-med2-MED-3161-create-home-care-new-image-prod-2.7.1.1-dev-image-4.0.0.98-2026-02-13.11:45:11.tar.gz/params_recovery_vboot.bin,file,16384,,299363ff139ad36aab8dca904f37f0d860a5a1c3a4789b5172a17d690ba98c98,,,
4.0.0.98-artik710s-dev.zip/eyecontrol-artik710s-med2-MED-3161-create-home-care-new-image-prod-2.7.1.1-dev-image-4.0.0.98-2026-02-13.11:45:11.tar.gz/params_sdboot.bin,file,16384,,73e340e1c62244d64cb7a47952909ec0641c071996cb00505cca5d20fd05ce6f,,,
4.0.0.98-artik710s-dev.zip/eyecontrol-artik710s-med2-MED-3161-create-home-care-new-image-prod-2.7.1.1-dev-image-4.0.0.98-2026-02-13.11:45:11.tar.gz/params_sdvboot.bin,file,16384,,86700dd91f18f4f837265995739db481ff876e5247f3819bcb73cab7220d967d,,,
4.0.0.98-artik710s-dev.zip/eyecontrol-artik710s-med2-MED-3161-create-home-care-new-image-prod-2.7.1.1-dev-image-4.0.0.98-2026-02-13.11:45:11.tar.gz/params_vboot.bin,file,16384,,24ea53bb64c32173431ca908ac1b4f864abd5e8b9f6937066bd2a4306c7c2bfe,,,
4.0.0.98-artik710s-dev.zip/eyecontrol-artik710s-med2-MED-3161-create-home-care-new-image-prod-2.7.1.1-dev-image-4.0.0.98-2026-02-13.11:45:11.tar.gz/partition.txt,file,22,,38d173ec7421fed7bce76c705831b87eec1473d5003aa3091c209f189383b486,,,
4.0.0.98-artik710s-dev.zip/eyecontrol-artik710s-med2-MED-3161-create-home-care-new-image-prod-2.7.1.1-dev-image-4.0.0.98-2026-02-13.11:45:11.tar.gz/partmap_emmc.txt,file,622,,6ab0bd3b6b17f58b490032acb92ba877ea46d26356d6ed0b48ba852c3edc784c,,,
4.0.0.98-artik710s-dev.zip/eyecontrol-artik710s-med2-MED-3161-create-home-care-new-image-prod-2.7.1.1-dev-image-4.0.0.98-2026-02-13.11:45:11.tar.gz/rootfs.img,file,2356150272,,eb8ef767a545d39946ff684a9cb131cc4b896bc8b73d9c57b15ff282731cf886,,,
4.0.0.98-artik710s-dev.zip/eyecontrol-artik710s-med2-MED-3161-create-home-care-new-image-prod-2.7.1.1-dev-image-4.0.0.98-2026-02-13.11:45:11.tar.gz/s5p6818-artik710-explorer.dtb,file,47761,,4d1c2b24d7f446ad6476f024158c6d3a8ed97519c73597c39b8d3e3c44250b8f,,,
4.0.0.98-artik710s-dev.zip/eyecontrol-artik710s-med2-MED-3161-create-home-care-new-image-prod-2.7.1.1-dev-image-4.0.0.98-2026-02-13.11:45:11.tar.gz/s5p6818-artik710-raptor-rev00.dtb,file,52846,,e584627d3a552884c1e9d252db1b1dea8723d478ee15942e5287bcd617cf2489,,,
4.0.0.98-artik710s-dev.zip/eyecontrol-artik710s-med2-MED-3161-create-home-care-new-image-prod-2.7.1.1-dev-image-4.0.0.98-2026-02-13.11:45:11.tar.gz/s5p6818-artik710-raptor-rev01.dtb,file,52896,,1aa2e097128eb4d12dc0cbcf4acff351f9d2c82eefc517113604eecaa5f4994c,,,
4.0.0.98-artik710s-dev.zip/eyecontrol-artik710s-med2-MED-3161-create-home-care-new-image-prod-2.7.1.1-dev-image-4.0.0.98-2026-02-13.11:45:11.tar.gz/s5p6818-artik710-raptor-rev03.dtb,file,51310,,092a330b5609da630759c7394c1f675a728626f756cc175a3aa5c9f50d02d964,,,
4.0.0.98-artik710s-dev.zip/eyecontrol-artik710s-med2-MED-3161-create-home-care-new-image-prod-2.7.1.1-dev-image-4.0.0.98-2026-02-13.11:45:11.tar.gz/sd_boot.img,file,3031552,,e06aee7489c41bf1f9a33dcda9024e938af8ad2067b44c7d766a6709009abf0c,,,
4.0.0.98-artik710s-dev.zip/eyecontrol-artik710s-med2-MED-3161-create-home-care-new-image-prod-2.7.1.1-dev-image-4.0.0.98-2026-02-13.11:45:11.tar.gz/sd_boot_sdboot.img,file,3031552,,1fc9927d1d960dd8aa3d26065f261da628a89791d3233147453fb05f5b1c477c,,,
4.0.0.98-artik710s-dev.zip/eyecontrol-artik710s-med2-MED-3161-create-home-care-new-image-prod-2.7.1.1-dev-image-4.0.0.98-2026-02-13.11:45:11.tar.gz/u-boot,file,4695352,,267588d48caabe640407dd632a970233e3cce13c5cd64bcc72abf4e38d32bb2f,,,
4.0.0.98-artik710s-dev.zip/eyecontrol-artik710s-med2-MED-3161-create-home-care-new-image-prod-2.7.1.1-dev-image-4.0.0.98-2026-02-13.11:45:11.tar.gz/u-boot.bin,file,506384,,11fa7fa679322e649b61148d90b843221e1084cb3f6a4d4b71f5474e3db99ce8,,,
4.0.0.98-artik710s-dev.zip/eyecontrol-artik710s-med2-MED-3161-create-home-care-new-image-prod-2.7.1.1-dev-image-4.0.0.98-2026-02-13.11:45:11.tar.gz/uInitrd,file,2423560,,d76bf4c92de1ae2b47bfe257d49ccf600a97a64249c0cb4dbe5bb9dfe7ae63de,,,
4.0.0.98-artik710s-dev.zip/eyecontrol-artik710s-med2-MED-3161-create-home-care-new-image-prod-2.7.1.1-dev-image-4.0.0.98-2026-02-13.11:45:11.tar.gz/usb-downloader,file,48624,,e373f6e2521273092ebf89f2a3cbc177c4c4761b2c37b7badba6747d76f20ffe,,,
4.0.0.98-artik710s-dev.zip/eyecontrol-artik710s-med2-MED-3161-create-home-care-new-image-prod-2.7.1.1-dev-image-4.0.0.98-2026-02-13.11:45:11.tar.gz/usb_recovery.sh,file,1965,,7b9fb7fcad66f35e03287f5fbe3322938738d917152919364f0d3b1e83238966,,,
4.0.0.98-artik710s-dev.zip/eyecontrol-artik710s-med2-MED-3161-create-home-care-new-image-prod-2.7.1.1-dev-image-4.0.0.98-2026-02-13.11:45:11.tar.gz/vmlinux,file,185153256,,20dae47b80d93a60537eab8958ae7d7c2869b3af005f891e324e55a6c1cf93da,,,
4.0.0.98-artik710s-dev.zip/index.html,file,678,371,,,,
4.0.0.98-artik710s-dev.zip/new_sbom_report.json,file,51126,5184,,,,
